factor,eigenvalue,explained,cumulative
1,2.33714,0.233714,0.233714
2,1.38188,0.138188,0.371902
3,1.22926,0.122926,0.494827
4,1.09471,0.109471,0.604298
5,0.938211,0.0938211,0.698119
6,0.757696,0.0757696,0.773889
7,0.726225,0.0726225,0.846511
8,0.646209,0.0646209,0.911132
9,0.580965,0.0580965,0.969229
10,0.307715,0.0307715,1
